user_id,session_id,start_time,end_time
user_001,090c6cc1,2025-01-01 23:17:00,2025-01-01 23:53:00
user_001,1d5dc67c,2025-01-02 19:04:00,2025-01-02 19:22:00
user_001,29bbd4c9,2025-01-05 15:01:00,2025-01-05 16:15:00
user_001,76473c35,2025-01-06 15:28:00,2025-01-06 15:37:00
user_001,894131e0,2025-01-06 19:41:00,2025-01-06 20:15:00
user_001,c5bf8346,2025-01-08 23:42:00,2025-01-09 00:58:00
user_002,a86e1ff5,2025-01-09 13:14:00,2025-01-09 14:16:00
user_002,d132ad7f,2025-01-11 12:05:00,2025-01-11 14:01:00
user_002,dee08bb2,2025-01-11 18:49:00,2025-01-11 19:48:00
user_002,e7a3a951,2025-01-13 00:58:00,2025-01-13 01:30:00
user_002,1867c66b,2025-01-14 02:03:00,2025-01-14 02:56:00
user_002,f8972ba8,2025-01-14 20:57:00,2025-01-14 21:46:00
user_002,3c80a9a4,2025-01-16 20:48:00,2025-01-16 20:58:00
user_002,1b4f8f0c,2025-01-19 10:22:00,2025-01-19 10:42:00
user_002,3fce2b6d,2025-01-20 13:57:00,2025-01-20 14:39:00
user_002,c8779029,2025-01-23 02:53:00,2025-01-23 04:48:00
user_002,02a15d3e,2025-01-24 21:05:00,2025-01-24 22:40:00
user_002,2a06ca63,2025-01-25 03:47:00,2025-01-25 04:21:00
user_002,4e9e5ebf,2025-01-26 01:41:00,2025-01-26 02:15:00
user_002,afb957a9,2025-01-26 20:58:00,2025-01-26 22:01:00
user_002,64cc24d8,2025-01-29 01:08:00,2025-01-29 02:00:00
user_003,d51f5af1,2025-01-11 08:44:00,2025-01-11 10:16:00
user_003,7da669c6,2025-01-13 05:22:00,2025-01-13 06:48:00
user_003,a6a5de5c,2025-01-14 10:08:00,2025-01-14 10:44:00
user_003,c94a640b,2025-01-15 11:32:00,2025-01-15 12:11:00
user_003,261dbbb1,2025-01-18 03:07:00,2025-01-18 03:40:00
user_003,cc3497b8,2025-01-20 10:00:00,2025-01-20 11:43:00
user_003,e2391516,2025-01-20 21:52:00,2025-01-20 22:01:00
user_003,446a3384,2025-01-22 07:09:00,2025-01-22 07:22:00
user_004,d92fc545,2025-01-06 06:41:00,2025-01-06 07:49:00
user_004,a25619c4,2025-01-08 05:10:00,2025-01-08 05:33:00
user_004,cc423a56,2025-01-09 02:25:00,2025-01-09 04:05:00
user_004,43841f7a,2025-01-11 07:41:00,2025-01-11 09:21:00
user_004,74c7731d,2025-01-13 11:38:00,2025-01-13 12:57:00
user_004,db3f82b2,2025-01-15 00:52:00,2025-01-15 01:14:00
user_004,28ae0dc5,2025-01-17 00:57:00,2025-01-17 02:38:00
user_004,75903cef,2025-01-17 08:06:00,2025-01-17 09:31:00
user_004,aff63e35,2025-01-18 16:33:00,2025-01-18 17:54:00
user_004,055d5b8b,2025-01-19 09:57:00,2025-01-19 11:18:00
user_004,83514047,2025-01-21 08:13:00,2025-01-21 09:28:00
user_004,bc9d082f,2025-01-22 06:59:00,2025-01-22 07:18:00
user_004,b98ee309,2025-01-24 20:47:00,2025-01-24 21:26:00
user_004,c2b81a31,2025-01-27 00:54:00,2025-01-27 01:36:00
user_005,54887818,2025-01-08 00:46:00,2025-01-08 02:43:00
user_005,20c6536d,2025-01-10 08:18:00,2025-01-10 10:00:00
user_005,eb6861ce,2025-01-11 13:16:00,2025-01-11 13:34:00
user_005,f395195e,2025-01-13 16:09:00,2025-01-13 17:35:00
user_005,abd12c6e,2025-01-15 20:21:00,2025-01-15 20:45:00
user_005,c959b26c,2025-01-17 01:55:00,2025-01-17 03:39:00
user_005,f4589740,2025-01-18 12:33:00,2025-01-18 13:19:00
user_006,d897f512,2025-01-02 11:56:00,2025-01-02 13:47:00
user_006,7b3f3cf6,2025-01-03 14:59:00,2025-01-03 15:34:00
user_006,39f6d93c,2025-01-05 06:04:00,2025-01-05 07:42:00
user_006,956b7e28,2025-01-06 16:52:00,2025-01-06 18:05:00
user_006,bb604a74,2025-01-07 06:34:00,2025-01-07 07:39:00
user_007,b2d90e04,2025-01-05 16:55:00,2025-01-05 18:17:00
user_007,152c4069,2025-01-07 03:54:00,2025-01-07 05:08:00
user_007,b3e39b30,2025-01-10 01:06:00,2025-01-10 02:42:00
user_007,58bd6616,2025-01-11 09:48:00,2025-01-11 11:16:00
user_007,71c1bea9,2025-01-13 00:45:00,2025-01-13 01:56:00
user_007,fed42be7,2025-01-14 09:00:00,2025-01-14 09:33:00
user_007,8fc50113,2025-01-15 00:01:00,2025-01-15 01:21:00
user_008,7d11ebce,2025-01-10 07:00:00,2025-01-10 07:14:00
user_008,374f65ed,2025-01-13 01:03:00,2025-01-13 01:37:00
user_008,290a0299,2025-01-13 07:58:00,2025-01-13 08:45:00
user_008,e61adf55,2025-01-14 05:13:00,2025-01-14 05:53:00
user_008,91499c1a,2025-01-16 15:26:00,2025-01-16 16:40:00
user_008,5b28b9e7,2025-01-18 00:25:00,2025-01-18 02:22:00
user_008,1127ed95,2025-01-20 07:55:00,2025-01-20 08:31:00
user_008,f881f42b,2025-01-22 04:07:00,2025-01-22 04:24:00
user_009,629030e0,2025-01-07 11:27:00,2025-01-07 12:24:00
user_009,02586091,2025-01-09 16:30:00,2025-01-09 18:01:00
user_009,aa5a022b,2025-01-12 06:36:00,2025-01-12 06:48:00
user_009,37f3a5bb,2025-01-14 07:57:00,2025-01-14 09:44:00
user_009,a8226e10,2025-01-14 22:09:00,2025-01-14 22:38:00
user_009,0658f84d,2025-01-16 23:17:00,2025-01-17 00:16:00
user_009,99bcb45f,2025-01-17 19:46:00,2025-01-17 20:22:00
user_009,f7c1d5df,2025-01-18 15:37:00,2025-01-18 17:32:00
user_009,52f00e63,2025-01-20 06:40:00,2025-01-20 08:08:00
user_009,554085f2,2025-01-21 17:45:00,2025-01-21 19:26:00
user_009,8418466b,2025-01-22 15:11:00,2025-01-22 16:18:00
user_009,bee55fc4,2025-01-24 05:06:00,2025-01-24 06:02:00
user_009,bec0fbdb,2025-01-24 14:30:00,2025-01-24 14:35:00
user_009,c43811ad,2025-01-26 00:29:00,2025-01-26 02:14:00
user_009,5159684b,2025-01-27 15:56:00,2025-01-27 17:30:00
user_010,9221f5b2,2025-01-11 22:31:00,2025-01-11 22:55:00
user_010,84308e67,2025-01-12 20:44:00,2025-01-12 20:56:00
user_010,511e1283,2025-01-15 10:18:00,2025-01-15 10:30:00
user_010,63a2bd42,2025-01-17 20:21:00,2025-01-17 20:32:00
user_010,794cf0da,2025-01-20 01:53:00,2025-01-20 03:47:00
user_010,07da3854,2025-01-21 16:56:00,2025-01-21 18:06:00
user_010,b2bd5bd1,2025-01-22 04:00:00,2025-01-22 05:21:00
user_010,6647772c,2025-01-23 06:55:00,2025-01-23 07:30:00
user_010,de8d3297,2025-01-24 12:51:00,2025-01-24 14:08:00
user_010,7ec2a827,2025-01-25 23:29:00,2025-01-25 23:39:00
user_010,861a13ce,2025-01-27 17:55:00,2025-01-27 19:24:00
user_010,7e3498e6,2025-01-30 02:28:00,2025-01-30 03:13:00
user_010,0cae69ab,2025-01-31 02:10:00,2025-01-31 03:46:00
user_011,cc90f444,2025-01-05 12:08:00,2025-01-05 13:38:00
user_011,7d95a801,2025-01-07 15:37:00,2025-01-07 16:22:00
user_011,0d946e6e,2025-01-07 21:06:00,2025-01-07 22:30:00
user_011,1e1b255f,2025-01-09 13:10:00,2025-01-09 14:23:00
user_011,cda39292,2025-01-10 19:26:00,2025-01-10 19:47:00
user_011,c1146088,2025-01-11 21:22:00,2025-01-11 21:58:00
user_011,e1cfdd57,2025-01-13 06:32:00,2025-01-13 07:33:00
user_011,bf6a49cb,2025-01-15 15:51:00,2025-01-15 17:14:00
user_012,6df4f34a,2025-01-01 21:52:00,2025-01-01 23:07:00
user_012,464b98df,2025-01-03 14:58:00,2025-01-03 16:55:00
user_012,26552a04,2025-01-04 08:05:00,2025-01-04 10:03:00
user_012,11f86bf9,2025-01-05 14:40:00,2025-01-05 15:04:00
user_012,c5643d73,2025-01-06 18:18:00,2025-01-06 18:49:00
user_012,05aa7ee2,2025-01-09 02:31:00,2025-01-09 04:03:00
user_012,62ce3533,2025-01-11 04:03:00,2025-01-11 05:10:00
user_012,18de0cf7,2025-01-11 22:08:00,2025-01-11 23:34:00
user_012,83046c69,2025-01-13 10:10:00,2025-01-13 10:15:00
user_012,2a67bfe5,2025-01-14 12:50:00,2025-01-14 13:28:00
user_012,56c19c88,2025-01-15 23:18:00,2025-01-16 00:33:00
user_012,0f1619a9,2025-01-18 10:53:00,2025-01-18 10:59:00
user_012,a98886d9,2025-01-18 21:49:00,2025-01-18 23:22:00
user_013,f9b8c6bd,2025-01-01 11:37:00,2025-01-01 12:52:00
user_013,9b256218,2025-01-02 10:45:00,2025-01-02 10:55:00
user_013,71aae819,2025-01-03 18:42:00,2025-01-03 20:28:00
user_013,78b59e26,2025-01-04 08:55:00,2025-01-04 10:27:00
user_013,968fe495,2025-01-05 22:01:00,2025-01-05 22:51:00
user_013,82c43120,2025-01-07 23:40:00,2025-01-08 01:20:00
user_013,660bc960,2025-01-08 17:35:00,2025-01-08 18:00:00
user_013,8ab02351,2025-01-09 18:36:00,2025-01-09 19:03:00
user_013,a27d3f67,2025-01-12 05:26:00,2025-01-12 06:23:00
user_013,0333f829,2025-01-15 00:17:00,2025-01-15 00:53:00
user_013,8d12b85b,2025-01-16 00:07:00,2025-01-16 01:41:00
user_013,126c8a05,2025-01-16 20:02:00,2025-01-16 20:11:00
user_013,6816f30e,2025-01-18 10:14:00,2025-01-18 12:03:00
user_014,bc66ced9,2025-01-05 07:14:00,2025-01-05 07:22:00
user_014,d8127921,2025-01-07 08:39:00,2025-01-07 09:26:00
user_014,f17571e3,2025-01-08 05:28:00,2025-01-08 06:08:00
user_014,ec5959ad,2025-01-10 01:00:00,2025-01-10 01:56:00
user_014,16f6ecc7,2025-01-12 14:21:00,2025-01-12 14:29:00
user_014,7c0f0b6a,2025-01-13 06:32:00,2025-01-13 07:51:00
user_014,577e8415,2025-01-14 00:38:00,2025-01-14 01:59:00
user_014,f480550a,2025-01-15 16:24:00,2025-01-15 18:09:00
user_014,3ed4f07f,2025-01-17 03:02:00,2025-01-17 04:12:00
user_014,a97fa238,2025-01-17 23:59:00,2025-01-18 01:17:00
user_015,66130f0d,2025-01-01 22:27:00,2025-01-01 22:32:00
user_015,815e32df,2025-01-04 02:10:00,2025-01-04 03:47:00
user_015,228b1ca7,2025-01-07 01:52:00,2025-01-07 02:22:00
user_015,57253ded,2025-01-08 14:56:00,2025-01-08 16:26:00
user_015,fc8251ea,2025-01-10 08:16:00,2025-01-10 09:45:00
user_015,67d9c628,2025-01-11 16:13:00,2025-01-11 16:56:00
user_015,669ad8f6,2025-01-13 10:55:00,2025-01-13 11:52:00
user_015,b82d7e73,2025-01-14 20:39:00,2025-01-14 21:21:00
user_015,9cfb7b64,2025-01-16 12:51:00,2025-01-16 13:49:00
user_016,0b0ddbb6,2025-01-11 23:57:00,2025-01-12 00:24:00
user_016,45df7ade,2025-01-14 10:16:00,2025-01-14 11:12:00
user_016,3c0e907a,2025-01-15 22:35:00,2025-01-15 23:16:00
user_016,4ead55c9,2025-01-17 02:25:00,2025-01-17 03:44:00
user_016,b3c9f625,2025-01-19 13:45:00,2025-01-19 14:49:00
user_016,4cda9952,2025-01-21 09:28:00,2025-01-21 10:00:00
user_016,bb5b68a7,2025-01-23 10:18:00,2025-01-23 12:18:00
user_016,6fa54bc6,2025-01-25 16:00:00,2025-01-25 16:15:00
user_016,caa09c0d,2025-01-27 03:42:00,2025-01-27 05:08:00
user_016,759505ce,2025-01-29 05:47:00,2025-01-29 07:36:00
user_016,64b57823,2025-01-30 19:06:00,2025-01-30 19:39:00
user_017,7fb5d9fe,2025-01-01 01:15:00,2025-01-01 02:20:00
user_017,81c54805,2025-01-02 19:44:00,2025-01-02 20:42:00
user_017,c81dbaad,2025-01-05 06:56:00,2025-01-05 08:32:00
user_017,3ec5ee08,2025-01-07 16:27:00,2025-01-07 17:23:00
user_017,9f126959,2025-01-08 13:08:00,2025-01-08 14:41:00
user_017,a83a59ad,2025-01-08 17:57:00,2025-01-08 18:56:00
user_017,310a5c78,2025-01-09 14:48:00,2025-01-09 16:22:00
user_018,7c8700f8,2025-01-01 17:15:00,2025-01-01 19:08:00
user_018,8d54d60c,2025-01-02 15:23:00,2025-01-02 17:10:00
user_018,04ae8521,2025-01-04 18:56:00,2025-01-04 20:12:00
user_018,004f3674,2025-01-06 20:44:00,2025-01-06 22:43:00
user_018,0653ed84,2025-01-08 21:36:00,2025-01-08 23:13:00
user_018,acb2e198,2025-01-10 20:29:00,2025-01-10 21:44:00
user_018,dba03148,2025-01-12 07:16:00,2025-01-12 09:11:00
user_018,3bade930,2025-01-14 04:32:00,2025-01-14 06:13:00
user_018,cc5f2bb4,2025-01-15 16:49:00,2025-01-15 18:32:00
user_018,2e930000,2025-01-17 18:29:00,2025-01-17 19:04:00
user_018,3165caa1,2025-01-19 02:33:00,2025-01-19 04:09:00
user_018,101368ca,2025-01-20 04:50:00,2025-01-20 05:37:00
user_019,59ebf89c,2025-01-02 04:09:00,2025-01-02 04:43:00
user_019,74510c7d,2025-01-04 03:18:00,2025-01-04 04:53:00
user_019,9c3413d9,2025-01-04 19:44:00,2025-01-04 20:41:00
user_019,6f80c381,2025-01-06 11:13:00,2025-01-06 12:11:00
user_019,b7f8cb2c,2025-01-06 22:06:00,2025-01-06 23:04:00
user_019,a4ca6002,2025-01-08 17:50:00,2025-01-08 17:57:00
user_019,61741486,2025-01-10 19:20:00,2025-01-10 19:25:00
user_019,b7d656b8,2025-01-12 04:08:00,2025-01-12 05:02:00
user_019,081e6080,2025-01-14 00:55:00,2025-01-14 02:34:00
user_019,7987e6a4,2025-01-16 07:52:00,2025-01-16 08:25:00
user_019,a2a3df23,2025-01-17 23:09:00,2025-01-18 00:09:00
user_019,2666b647,2025-01-19 07:33:00,2025-01-19 08:21:00
user_019,3e665335,2025-01-22 00:24:00,2025-01-22 01:20:00
user_020,31f3c7f6,2025-01-08 04:39:00,2025-01-08 05:52:00
user_020,5485c5ae,2025-01-08 19:16:00,2025-01-08 20:33:00
user_020,4d21c94c,2025-01-10 14:21:00,2025-01-10 15:48:00
user_020,cbc6781f,2025-01-11 23:16:00,2025-01-12 00:20:00
user_020,a24964b5,2025-01-12 12:32:00,2025-01-12 13:25:00
user_020,929b8f7e,2025-01-13 16:01:00,2025-01-13 16:47:00
user_020,39bf4829,2025-01-15 02:18:00,2025-01-15 03:59:00
user_021,7a3d702c,2025-01-02 15:01:00,2025-01-02 16:41:00
user_021,8ef24c6a,2025-01-04 03:23:00,2025-01-04 03:56:00
user_021,e0560da3,2025-01-06 00:12:00,2025-01-06 01:40:00
user_021,a36d6c35,2025-01-06 03:27:00,2025-01-06 03:57:00
user_021,e046b977,2025-01-07 00:36:00,2025-01-07 01:11:00
user_021,36888f9e,2025-01-08 01:18:00,2025-01-08 01:37:00
user_021,83c922c7,2025-01-09 20:47:00,2025-01-09 22:21:00
user_021,9fc3efe6,2025-01-11 00:57:00,2025-01-11 02:19:00
user_021,b13958fa,2025-01-13 15:42:00,2025-01-13 16:01:00
user_022,5d506dee,2025-01-02 18:01:00,2025-01-02 18:45:00
user_022,6648846f,2025-01-05 04:59:00,2025-01-05 05:52:00
user_022,7ed2d310,2025-01-07 05:11:00,2025-01-07 05:25:00
user_022,08c0abde,2025-01-09 18:04:00,2025-01-09 19:29:00
user_022,0d0abf6e,2025-01-10 13:48:00,2025-01-10 15:31:00
user_022,166c2521,2025-01-12 07:26:00,2025-01-12 09:14:00
user_022,0e092652,2025-01-13 10:16:00,2025-01-13 10:26:00
user_022,2ef26a31,2025-01-15 02:43:00,2025-01-15 04:12:00
user_022,efa397d9,2025-01-16 05:15:00,2025-01-16 06:42:00
user_023,f15ce5f6,2025-01-07 15:06:00,2025-01-07 16:06:00
user_023,c504e1a5,2025-01-09 12:03:00,2025-01-09 13:54:00
user_023,adcd18d5,2025-01-11 16:12:00,2025-01-11 17:12:00
user_023,8ad40bbd,2025-01-13 03:45:00,2025-01-13 05:13:00
user_023,a96b9d05,2025-01-14 17:36:00,2025-01-14 18:49:00
user_024,33d65872,2025-01-07 23:37:00,2025-01-08 00:16:00
user_024,0ee2f286,2025-01-09 04:30:00,2025-01-09 04:46:00
user_024,5bf4936d,2025-01-10 12:45:00,2025-01-10 14:26:00
user_024,a6ac5ba5,2025-01-12 13:24:00,2025-01-12 14:54:00
user_024,0ac1a99b,2025-01-14 00:25:00,2025-01-14 01:33:00
user_024,bbefd462,2025-01-15 02:56:00,2025-01-15 03:28:00
user_024,71ca6e8d,2025-01-16 10:17:00,2025-01-16 10:57:00
user_024,d0d40667,2025-01-19 00:13:00,2025-01-19 00:53:00
user_024,cfe15c60,2025-01-20 12:46:00,2025-01-20 13:15:00
user_024,8bf8ab52,2025-01-21 02:32:00,2025-01-21 03:29:00
user_024,c381fd58,2025-01-23 04:20:00,2025-01-23 04:55:00
user_024,49699f32,2025-01-25 17:01:00,2025-01-25 18:37:00
user_025,f5af51d2,2025-01-01 02:18:00,2025-01-01 02:51:00
user_025,11f1b95b,2025-01-03 02:33:00,2025-01-03 03:17:00
user_025,5f7e03c5,2025-01-05 15:56:00,2025-01-05 17:01:00
user_025,b1a2cbf9,2025-01-07 20:18:00,2025-01-07 21:17:00
user_025,3bce9493,2025-01-10 13:39:00,2025-01-10 14:29:00
user_025,a78a2ac5,2025-01-13 00:56:00,2025-01-13 01:40:00
user_025,c9d63554,2025-01-14 01:03:00,2025-01-14 02:40:00
user_025,593e37a1,2025-01-15 00:10:00,2025-01-15 01:50:00
user_025,73204241,2025-01-17 09:21:00,2025-01-17 09:50:00
user_025,099b66e9,2025-01-18 22:51:00,2025-01-18 23:31:00
user_025,0b4f16d3,2025-01-21 16:39:00,2025-01-21 17:51:00
user_025,3f133f9c,2025-01-23 16:45:00,2025-01-23 18:36:00
user_026,ecc58279,2025-01-04 11:11:00,2025-01-04 11:54:00
user_026,997cf0ce,2025-01-05 10:45:00,2025-01-05 11:06:00
user_026,1aa2d535,2025-01-06 05:48:00,2025-01-06 07:03:00
user_026,dbfe2f40,2025-01-07 22:56:00,2025-01-08 00:22:00
user_026,24a8e3cd,2025-01-09 10:51:00,2025-01-09 10:57:00
user_026,7097fddb,2025-01-11 09:21:00,2025-01-11 10:27:00
user_026,265e39f4,2025-01-13 00:32:00,2025-01-13 00:43:00
user_026,d6c40a7a,2025-01-14 08:39:00,2025-01-14 10:29:00
user_026,585dbfbf,2025-01-15 02:10:00,2025-01-15 02:24:00
user_027,99d875ee,2025-01-11 01:09:00,2025-01-11 01:33:00
user_027,6863f64f,2025-01-12 23:14:00,2025-01-12 23:50:00
user_027,924d596e,2025-01-14 01:02:00,2025-01-14 02:00:00
user_027,87be7ea8,2025-01-16 11:52:00,2025-01-16 13:16:00
user_027,7ca61406,2025-01-17 19:16:00,2025-01-17 20:18:00
user_027,cc62f922,2025-01-19 10:11:00,2025-01-19 11:31:00
user_027,03351d27,2025-01-20 23:47:00,2025-01-21 01:11:00
user_027,1ad375e6,2025-01-21 23:34:00,2025-01-21 23:51:00
user_027,c36c9cc7,2025-01-23 09:47:00,2025-01-23 10:25:00
user_027,7eff8c27,2025-01-25 06:57:00,2025-01-25 07:32:00
user_027,718cfd72,2025-01-26 12:01:00,2025-01-26 12:26:00
user_027,5a0d029e,2025-01-27 02:29:00,2025-01-27 04:02:00
user_027,75f2c1ec,2025-01-29 08:47:00,2025-01-29 08:56:00
user_027,b719e600,2025-01-30 09:32:00,2025-01-30 10:13:00
user_027,59c33838,2025-02-01 20:36:00,2025-02-01 22:08:00
user_028,9e7e7477,2025-01-11 18:42:00,2025-01-11 20:29:00
user_028,1d580722,2025-01-12 20:49:00,2025-01-12 22:03:00
user_028,8324e11e,2025-01-14 07:58:00,2025-01-14 08:37:00
user_028,79235b29,2025-01-14 20:01:00,2025-01-14 20:27:00
user_028,04ad365e,2025-01-16 11:48:00,2025-01-16 13:38:00
user_028,876e2ffb,2025-01-18 10:16:00,2025-01-18 10:36:00
user_028,bfd45db4,2025-01-20 14:35:00,2025-01-20 16:09:00
user_028,ad872fc9,2025-01-22 01:07:00,2025-01-22 02:21:00
user_028,b351c1dc,2025-01-23 23:12:00,2025-01-24 00:33:00
user_029,ae934833,2025-01-06 19:16:00,2025-01-06 19:24:00
user_029,9cb5fb59,2025-01-07 08:59:00,2025-01-07 10:51:00
user_029,27bf739d,2025-01-09 16:00:00,2025-01-09 17:42:00
user_029,b4bc9591,2025-01-11 20:36:00,2025-01-11 20:46:00
user_029,85b9eb5e,2025-01-13 00:09:00,2025-01-13 01:37:00
user_029,4f651dda,2025-01-14 13:20:00,2025-01-14 14:39:00
user_029,8ea7d811,2025-01-16 14:12:00,2025-01-16 15:19:00
user_029,c5875b11,2025-01-17 11:34:00,2025-01-17 12:31:00
user_029,7a65c901,2025-01-18 20:16:00,2025-01-18 20:34:00
user_029,ec66ab65,2025-01-19 17:42:00,2025-01-19 19:15:00
user_029,362f9d01,2025-01-21 11:24:00,2025-01-21 12:20:00
user_030,b19ddb13,2025-01-08 02:20:00,2025-01-08 02:57:00
user_030,c0bdd711,2025-01-09 03:09:00,2025-01-09 04:05:00
user_030,0f9a81f4,2025-01-10 12:51:00,2025-01-10 14:47:00
user_030,74e4b46b,2025-01-12 14:17:00,2025-01-12 14:28:00
user_030,93db19d6,2025-01-13 19:40:00,2025-01-13 21:04:00
user_031,0bb334bc,2025-01-08 01:13:00,2025-01-08 01:52:00
user_031,c38ec6cc,2025-01-09 18:12:00,2025-01-09 18:53:00
user_031,4b46081e,2025-01-11 21:43:00,2025-01-11 22:03:00
user_031,27b91b5c,2025-01-12 20:21:00,2025-01-12 22:08:00
user_031,f3f72e85,2025-01-14 10:31:00,2025-01-14 11:15:00
user_031,a393ee09,2025-01-15 23:06:00,2025-01-16 00:03:00
user_031,efacbd9f,2025-01-16 12:59:00,2025-01-16 13:18:00
user_031,b9778152,2025-01-17 22:40:00,2025-01-18 00:31:00
user_031,5d39b317,2025-01-19 00:39:00,2025-01-19 02:15:00
user_031,b735ccf5,2025-01-20 12:24:00,2025-01-20 13:03:00
user_031,8e0912e3,2025-01-22 06:54:00,2025-01-22 07:30:00
user_031,8950dd89,2025-01-24 06:03:00,2025-01-24 06:57:00
user_031,543cb6ed,2025-01-25 14:35:00,2025-01-25 16:15:00
user_031,e0e5a6f6,2025-01-26 01:52:00,2025-01-26 03:35:00
user_031,2473f7a4,2025-01-27 15:51:00,2025-01-27 17:36:00
user_032,131ffc94,2025-01-01 09:46:00,2025-01-01 10:29:00
user_032,5e11e084,2025-01-03 18:28:00,2025-01-03 19:35:00
user_032,06e7cf87,2025-01-04 19:02:00,2025-01-04 20:08:00
user_032,ebe21783,2025-01-06 04:37:00,2025-01-06 06:19:00
user_032,ecf70de2,2025-01-08 04:06:00,2025-01-08 04:52:00
user_032,ec5d105d,2025-01-09 15:21:00,2025-01-09 16:39:00
user_032,31fe9905,2025-01-11 00:15:00,2025-01-11 01:59:00
user_032,f9914ea4,2025-01-12 04:35:00,2025-01-12 06:15:00
user_032,ae9af48a,2025-01-14 10:33:00,2025-01-14 12:21:00
user_033,26e75cc9,2025-01-11 20:09:00,2025-01-11 21:17:00
user_033,74bc856d,2025-01-12 03:41:00,2025-01-12 05:01:00
user_033,22531d80,2025-01-13 05:36:00,2025-01-13 07:29:00
user_033,99db01de,2025-01-14 14:09:00,2025-01-14 15:12:00
user_033,72af6d9d,2025-01-15 14:18:00,2025-01-15 15:15:00
user_033,7f63b033,2025-01-17 12:22:00,2025-01-17 13:27:00
user_033,52825734,2025-01-18 16:01:00,2025-01-18 17:34:00
user_033,cd6af9c0,2025-01-20 14:06:00,2025-01-20 16:00:00
user_033,81b81121,2025-01-22 10:00:00,2025-01-22 11:13:00
user_033,d7c58a59,2025-01-23 21:40:00,2025-01-23 23:16:00
user_033,5f6cee84,2025-01-25 22:42:00,2025-01-26 00:06:00
user_034,9d67a5c1,2025-01-11 21:58:00,2025-01-11 22:39:00
user_034,2b052368,2025-01-13 12:03:00,2025-01-13 13:03:00
user_034,3c8e3328,2025-01-14 15:48:00,2025-01-14 17:44:00
user_034,55370ba7,2025-01-15 12:58:00,2025-01-15 14:31:00
user_034,7fde8916,2025-01-16 09:00:00,2025-01-16 09:46:00
user_034,b3da543a,2025-01-16 22:22:00,2025-01-16 23:14:00
user_034,b7993d73,2025-01-18 06:37:00,2025-01-18 07:49:00
user_034,a2bd950f,2025-01-20 04:20:00,2025-01-20 06:06:00
user_035,74e78757,2025-01-03 02:39:00,2025-01-03 04:35:00
user_035,ecc3b1a6,2025-01-04 23:22:00,2025-01-04 23:57:00
user_035,beed2ca6,2025-01-07 01:31:00,2025-01-07 02:05:00
user_035,43a35ecb,2025-01-09 03:47:00,2025-01-09 04:50:00
user_035,74df5a51,2025-01-10 17:47:00,2025-01-10 19:47:00
user_035,c1a45d97,2025-01-12 09:30:00,2025-01-12 10:44:00
user_035,7a850e67,2025-01-12 22:58:00,2025-01-12 23:47:00
user_036,b5227088,2025-01-11 13:44:00,2025-01-11 14:21:00
user_036,170ba3d8,2025-01-13 04:56:00,2025-01-13 05:50:00
user_036,691f1a8d,2025-01-14 15:11:00,2025-01-14 16:04:00
user_036,00c5711c,2025-01-16 15:47:00,2025-01-16 16:29:00
user_036,6b03b8a6,2025-01-18 21:48:00,2025-01-18 23:39:00
user_036,ce6ed815,2025-01-21 05:05:00,2025-01-21 05:11:00
user_036,110c68f5,2025-01-23 15:54:00,2025-01-23 17:34:00
user_036,6b21fc62,2025-01-24 15:41:00,2025-01-24 16:49:00
user_036,d293954e,2025-01-25 18:19:00,2025-01-25 20:06:00
user_037,d55776d8,2025-01-11 06:39:00,2025-01-11 07:16:00
user_037,7afea18f,2025-01-14 02:28:00,2025-01-14 03:57:00
user_037,db43f8c7,2025-01-16 03:08:00,2025-01-16 03:25:00
user_037,2ee79eed,2025-01-18 16:10:00,2025-01-18 16:54:00
user_037,e5d2f455,2025-01-19 22:47:00,2025-01-19 23:38:00
user_037,a14f4768,2025-01-22 01:52:00,2025-01-22 02:34:00
user_037,e1645096,2025-01-23 22:18:00,2025-01-23 22:45:00
user_037,e2506f14,2025-01-24 16:08:00,2025-01-24 17:22:00
user_038,5149b1e6,2025-01-09 08:53:00,2025-01-09 09:19:00
user_038,69daa81c,2025-01-10 17:44:00,2025-01-10 18:26:00
user_038,efec29a5,2025-01-13 04:35:00,2025-01-13 04:54:00
user_038,b1d5d981,2025-01-14 12:44:00,2025-01-14 14:25:00
user_038,99d2582f,2025-01-16 01:30:00,2025-01-16 03:01:00
user_038,9888d49a,2025-01-17 20:53:00,2025-01-17 21:09:00
user_038,a40543da,2025-01-18 23:09:00,2025-01-19 00:22:00
user_038,8899fde3,2025-01-19 21:32:00,2025-01-19 23:03:00
user_038,a37f60a2,2025-01-22 18:48:00,2025-01-22 20:07:00
user_038,24030fe9,2025-01-24 16:11:00,2025-01-24 16:29:00
user_038,d2f0f132,2025-01-26 19:41:00,2025-01-26 19:49:00
user_038,adc95519,2025-01-29 05:01:00,2025-01-29 06:24:00
user_038,e577ab7d,2025-01-30 16:05:00,2025-01-30 17:31:00
user_039,a0680c1c,2025-01-11 13:07:00,2025-01-11 13:29:00
user_039,730008a6,2025-01-11 17:26:00,2025-01-11 18:34:00
user_039,1a20f606,2025-01-12 04:41:00,2025-01-12 06:39:00
user_039,8c110e73,2025-01-13 20:05:00,2025-01-13 21:08:00
user_039,d913d31c,2025-01-15 17:52:00,2025-01-15 19:26:00
user_039,634de46a,2025-01-17 18:29:00,2025-01-17 20:09:00
user_039,eadcef5b,2025-01-19 22:25:00,2025-01-19 23:23:00
user_039,5e6afe99,2025-01-21 20:18:00,2025-01-21 21:25:00
user_039,9d0be1bf,2025-01-24 01:35:00,2025-01-24 01:44:00
user_040,2bfdd9ae,2025-01-04 14:28:00,2025-01-04 15:03:00
user_040,5c51d7d7,2025-01-05 18:11:00,2025-01-05 19:03:00
user_040,b5a45d99,2025-01-08 01:33:00,2025-01-08 01:45:00
user_040,b465ea12,2025-01-09 11:45:00,2025-01-09 12:05:00
user_040,c02805f2,2025-01-10 20:27:00,2025-01-10 20:59:00
user_040,5fb23a93,2025-01-13 11:05:00,2025-01-13 11:12:00
user_040,d7ae5958,2025-01-14 01:20:00,2025-01-14 01:41:00
user_040,75dd6b17,2025-01-15 20:24:00,2025-01-15 22:15:00
user_040,750515f4,2025-01-17 15:01:00,2025-01-17 15:33:00
user_040,46ee05f9,2025-01-18 16:50:00,2025-01-18 17:13:00
user_041,40a6df37,2025-01-05 04:08:00,2025-01-05 05:22:00
user_041,777837b6,2025-01-06 02:15:00,2025-01-06 03:44:00
user_041,072d1345,2025-01-06 08:15:00,2025-01-06 09:05:00
user_041,8d8ca9e1,2025-01-07 18:35:00,2025-01-07 18:42:00
user_041,4d7231f0,2025-01-08 14:38:00,2025-01-08 14:59:00
user_042,c85fbdb3,2025-01-09 03:47:00,2025-01-09 04:00:00
user_042,1f0c905a,2025-01-11 01:36:00,2025-01-11 02:27:00
user_042,ad0bf59b,2025-01-13 04:42:00,2025-01-13 05:44:00
user_042,f4043cf6,2025-01-14 21:21:00,2025-01-14 21:31:00
user_042,228f5230,2025-01-17 17:54:00,2025-01-17 18:37:00
user_042,9fc9bac5,2025-01-19 19:55:00,2025-01-19 20:07:00
user_042,270937f8,2025-01-21 15:22:00,2025-01-21 16:54:00
user_042,770f569d,2025-01-22 14:07:00,2025-01-22 15:08:00
user_042,351dc86c,2025-01-22 21:27:00,2025-01-22 22:49:00
user_042,8b95568b,2025-01-23 09:35:00,2025-01-23 10:15:00
user_042,da747e96,2025-01-25 22:12:00,2025-01-25 23:27:00
user_043,acf0b31b,2025-01-07 19:33:00,2025-01-07 20:15:00
user_043,0f7e3074,2025-01-09 18:11:00,2025-01-09 19:11:00
user_043,57ed07ff,2025-01-10 23:18:00,2025-01-11 01:12:00
user_043,95ef4c49,2025-01-13 14:14:00,2025-01-13 15:57:00
user_043,e2a86d0d,2025-01-16 02:09:00,2025-01-16 02:41:00
user_043,b9a96e38,2025-01-17 21:05:00,2025-01-17 21:39:00
user_043,0a1329ee,2025-01-19 10:57:00,2025-01-19 12:00:00
user_043,2288b1e0,2025-01-21 02:43:00,2025-01-21 03:00:00
user_043,54b0d354,2025-01-22 13:03:00,2025-01-22 14:33:00
user_043,a5eabb5c,2025-01-23 17:12:00,2025-01-23 18:44:00
user_044,315871a8,2025-01-02 02:05:00,2025-01-02 03:05:00
user_044,dbdffecf,2025-01-03 08:52:00,2025-01-03 09:44:00
user_044,0797876b,2025-01-04 10:55:00,2025-01-04 12:15:00
user_044,b2a7c22a,2025-01-06 16:16:00,2025-01-06 17:46:00
user_044,b2da40d3,2025-01-07 13:38:00,2025-01-07 15:34:00
user_044,efd977b7,2025-01-09 22:33:00,2025-01-10 00:10:00
user_045,161fa2cc,2025-01-10 09:22:00,2025-01-10 09:40:00
user_045,01669cee,2025-01-12 14:35:00,2025-01-12 14:59:00
user_045,319ff8b8,2025-01-15 00:49:00,2025-01-15 02:42:00
user_045,7c4a6a17,2025-01-15 19:43:00,2025-01-15 20:59:00
user_045,20c1eedd,2025-01-16 23:31:00,2025-01-17 00:11:00
user_045,1bc7455c,2025-01-18 20:22:00,2025-01-18 21:21:00
user_045,9cb4aaaa,2025-01-21 04:01:00,2025-01-21 05:32:00
user_045,235ff845,2025-01-23 15:02:00,2025-01-23 16:24:00
user_045,1ab60580,2025-01-26 08:19:00,2025-01-26 08:27:00
user_046,0ac9a235,2025-01-05 10:22:00,2025-01-05 10:27:00
user_046,c0e27eb5,2025-01-06 02:58:00,2025-01-06 04:27:00
user_046,de17da58,2025-01-07 07:07:00,2025-01-07 08:46:00
user_046,b5548394,2025-01-09 00:12:00,2025-01-09 01:52:00
user_046,ae63e53a,2025-01-10 16:36:00,2025-01-10 17:34:00
user_046,b8185a07,2025-01-12 08:46:00,2025-01-12 09:38:00
user_046,2231c04f,2025-01-14 04:06:00,2025-01-14 05:50:00
user_046,37d061fc,2025-01-16 12:11:00,2025-01-16 14:09:00
user_046,5133e21b,2025-01-16 20:21:00,2025-01-16 22:02:00
user_047,c1841345,2025-01-11 02:17:00,2025-01-11 03:18:00
user_047,8cd16c67,2025-01-13 10:48:00,2025-01-13 12:10:00
user_047,3effd86d,2025-01-15 05:05:00,2025-01-15 05:37:00
user_047,c6d39484,2025-01-16 17:27:00,2025-01-16 18:27:00
user_047,056cce41,2025-01-17 11:10:00,2025-01-17 12:41:00
user_048,85c829d5,2025-01-09 21:19:00,2025-01-09 21:29:00
user_048,955cc650,2025-01-11 00:57:00,2025-01-11 01:09:00
user_048,f9bcff5f,2025-01-11 08:16:00,2025-01-11 08:48:00
user_048,0e4cb200,2025-01-12 01:34:00,2025-01-12 02:20:00
user_048,cc6978cc,2025-01-12 10:05:00,2025-01-12 11:45:00
user_048,2187c07d,2025-01-13 19:13:00,2025-01-13 20:06:00
user_048,4de44a09,2025-01-16 04:27:00,2025-01-16 05:36:00
user_048,ab30e1e5,2025-01-18 14:18:00,2025-01-18 15:08:00
user_048,78eae8f5,2025-01-19 08:13:00,2025-01-19 09:52:00
user_048,0b94026d,2025-01-20 00:14:00,2025-01-20 01:17:00
user_048,0d338f59,2025-01-20 15:50:00,2025-01-20 16:49:00
user_048,048342d8,2025-01-22 17:35:00,2025-01-22 19:01:00
user_049,6b133633,2025-01-02 12:01:00,2025-01-02 12:47:00
user_049,a6fdec9c,2025-01-03 18:30:00,2025-01-03 20:21:00
user_049,7b952911,2025-01-06 02:35:00,2025-01-06 03:35:00
user_049,90b154fa,2025-01-06 17:02:00,2025-01-06 18:22:00
user_049,d0afb44f,2025-01-08 11:07:00,2025-01-08 12:02:00
user_049,774ddaa3,2025-01-10 06:28:00,2025-01-10 07:01:00
user_049,b05c251c,2025-01-11 09:32:00,2025-01-11 10:42:00
user_049,739315f5,2025-01-13 06:05:00,2025-01-13 07:15:00
user_049,4d32c7b1,2025-01-14 06:27:00,2025-01-14 08:05:00
user_050,2d5b2125,2025-01-04 03:09:00,2025-01-04 03:46:00
user_050,5e76f776,2025-01-04 21:47:00,2025-01-04 22:11:00
user_050,72247648,2025-01-06 17:58:00,2025-01-06 19:41:00
user_050,a37057de,2025-01-09 02:27:00,2025-01-09 04:08:00
user_050,df59bdaf,2025-01-11 09:55:00,2025-01-11 11:27:00
user_050,17168964,2025-01-13 19:35:00,2025-01-13 20:59:00
user_050,49032aa5,2025-01-15 12:55:00,2025-01-15 13:19:00
